Model Name,MSE,R2
GCN_Tox21 (without pre-training),15.380431175231934,-2.253875970840454
